{
  "id": "smoke_26",
  "items": [
    {
      "id": "smoke_26",
      "category": "SW",
      "quantity": 10,
      "unitPrice": 541211,
      "margin": 0.15,
      "vat": 0.1
    }
  ],
  "subtotal": 5412110,
  "margin": 811816.5,
  "vat": 622392.6499999999,
  "total": 6846319.149999999
}